{
  "influx": {
    "avg": 307.4877401030873,
    "min": 6,
    "max": 3270
  },
  "window": {
    "avg": 0.00020988151234621182,
    "min": 0,
    "max": 1
  },
  "total": {
    "avg": 307.4879499845996,
    "min": 6,
    "max": 3271
  }
}