{
  "influx": {
    "avg": 989.173070904189,
    "min": 7,
    "max": 20263
  },
  "window": {
    "avg": 0.00012903650909570116,
    "min": 0,
    "max": 1
  },
  "total": {
    "avg": 989.173199940698,
    "min": 7,
    "max": 20264
  }
}