{
  "influx": {
    "avg": 3339.5148227258,
    "min": 8,
    "max": 12467
  },
  "window": {
    "avg": 0.0003871095272871035,
    "min": 0,
    "max": 1
  },
  "total": {
    "avg": 3339.5152098353274,
    "min": 8,
    "max": 12468
  }
}