{
  "influx": {
    "avg": 1225.308196838331,
    "min": 8,
    "max": 15622
  },
  "window": {
    "avg": 0.0002800366793140749,
    "min": 0,
    "max": 2
  },
  "total": {
    "avg": 1225.3084768750102,
    "min": 8,
    "max": 15624
  }
}