{
  "influx": {
    "avg": 1005.3217401808707,
    "min": 8,
    "max": 17299
  },
  "window": {
    "avg": 0.0002498366452704001,
    "min": 0,
    "max": 1
  },
  "total": {
    "avg": 1005.321990017516,
    "min": 8,
    "max": 17300
  }
}