{
  "influx": {
    "avg": 324.1047072516334,
    "min": 7,
    "max": 3338
  },
  "window": {
    "avg": 0.00023895600756300306,
    "min": 0,
    "max": 1
  },
  "total": {
    "avg": 324.1049462076409,
    "min": 7,
    "max": 3339
  }
}