{
  "influx": {
    "avg": 411.33138382785717,
    "min": 7,
    "max": 2760
  },
  "window": {
    "avg": 0.0003343566949930994,
    "min": 0,
    "max": 4
  },
  "total": {
    "avg": 411.3317181845522,
    "min": 7,
    "max": 2764
  }
}