{
  "influx": {
    "avg": 748.398138868875,
    "min": 8,
    "max": 4901
  },
  "window": {
    "avg": 0.00037978559376933567,
    "min": 0,
    "max": 3
  },
  "total": {
    "avg": 748.3985186544687,
    "min": 8,
    "max": 4904
  }
}