{
  "influx": {
    "avg": 466.9351440541624,
    "min": 6,
    "max": 2552
  },
  "window": {
    "avg": 0.00035416403560309466,
    "min": 0,
    "max": 1
  },
  "total": {
    "avg": 466.935498218198,
    "min": 6,
    "max": 2553
  }
}