{
  "influx": {
    "avg": 352.17002344620823,
    "min": 7,
    "max": 2027
  },
  "window": {
    "avg": 0.000285527594594743,
    "min": 0,
    "max": 1
  },
  "total": {
    "avg": 352.17030897380283,
    "min": 7,
    "max": 2028
  }
}