{
  "influx": {
    "avg": 231.49482755780562,
    "min": 7,
    "max": 4915
  },
  "window": {
    "avg": 0.00010432739033269456,
    "min": 0,
    "max": 1
  },
  "total": {
    "avg": 231.49493188519597,
    "min": 7,
    "max": 4916
  }
}