{
  "influx": {
    "avg": 245.745221530977,
    "min": 7,
    "max": 2614
  },
  "window": {
    "avg": 0.00017845474662171436,
    "min": 0,
    "max": 1
  },
  "total": {
    "avg": 245.74539998572362,
    "min": 7,
    "max": 2615
  }
}