{
  "influx": {
    "avg": 265.0694380717795,
    "min": 7,
    "max": 5912
  },
  "window": {
    "avg": 0.0001508239439371046,
    "min": 0,
    "max": 1
  },
  "total": {
    "avg": 265.0695888957234,
    "min": 7,
    "max": 5913
  }
}